model,gamma,alpha,pred_length,mae,mse,rmse,mape,mspe
Crossformer,0.5,0.0,96,0.7989684343338013,1.0195368528366089,1.0097211599349976,1.2164849042892456,34.285430908203125
Crossformer,0.5,0.0,192,0.7964762449264526,1.0137144327163696,1.0068339109420776,1.1815080642700195,22.435213088989258
Crossformer,0.5,0.2,96,0.7894824147224426,0.9736958742141724,0.9867603182792664,1.3523014783859253,185.1918182373047
Crossformer,0.5,0.2,192,0.7912986874580383,0.9747464060783386,0.987292468547821,1.2302333116531372,75.95561218261719
Crossformer,0.5,0.4,96,0.7804723381996155,0.9540248513221741,0.9767419695854187,1.3077410459518433,57.352970123291016
Crossformer,0.5,0.4,192,0.7763925790786743,0.9460947513580322,0.9726740121841431,1.0984199047088623,11.07733154296875
Crossformer,0.5,0.8,96,0.8105561137199402,1.0393681526184082,1.0194940567016602,1.4619885683059692,69.04342651367188
Crossformer,0.5,0.8,192,0.8094878792762756,1.0358550548553467,1.017769694328308,1.2085418701171875,16.401113510131836
Crossformer,0.95,0.0,96,0.6342231631278992,0.6303169131278992,0.7939249873161316,2.4672939777374268,186.695556640625
Crossformer,0.95,0.0,192,0.641326904296875,0.6452858448028564,0.8032968640327454,2.3425753116607666,179.94305419921875
Crossformer,0.95,0.2,96,0.7467054128646851,0.8699100017547607,0.9326896667480469,2.2951369285583496,185.1441192626953
Crossformer,0.95,0.2,192,0.8413068056106567,1.1069722175598145,1.052127480506897,2.719600200653076,389.1281433105469
Crossformer,0.95,0.4,96,0.5914642214775085,0.5519145727157593,0.7429095506668091,5.255056381225586,9470.544921875
Crossformer,0.95,0.4,192,0.6309955716133118,0.6286172270774841,0.792853832244873,4.575795650482178,7037.85791015625
Crossformer,0.95,0.8,96,0.7123657464981079,0.7995806932449341,0.8941927552223206,4.742551326751709,5926.96533203125
Crossformer,0.95,0.8,192,0.822149932384491,1.0655229091644287,1.032241702079773,5.48865270614624,10177.20703125
PatchTST,0.5,0.0,96,0.820557713508606,1.0648515224456787,1.0319163799285889,2.345271587371826,526.6560668945312
PatchTST,0.5,0.0,192,0.8176715970039368,1.0606838464736938,1.0298950672149658,2.0883560180664062,304.74237060546875
PatchTST,0.5,0.2,96,0.8033990263938904,1.0059809684753418,1.0029860734939575,3.557888984680176,7998.27880859375
PatchTST,0.5,0.2,192,0.8039237856864929,1.0032647848129272,1.0016310214996338,3.181180715560913,5954.36865234375
PatchTST,0.5,0.4,96,0.8027302026748657,1.014156460762024,1.0070533752441406,1.7367579936981201,165.86251831054688
PatchTST,0.5,0.4,192,0.7961822152137756,0.9983642101287842,0.9991817474365234,1.6392167806625366,134.44973754882812
PatchTST,0.5,0.8,96,0.8265908360481262,1.0742883682250977,1.036478877067566,2.3348562717437744,557.8289794921875
PatchTST,0.5,0.8,192,0.8226449489593506,1.066043496131897,1.0324938297271729,2.0213193893432617,276.11322021484375
PatchTST,0.95,0.0,96,0.6322284936904907,0.619375467300415,0.7870041131973267,2.205380439758301,91.5785903930664
PatchTST,0.95,0.0,192,0.6671139001846313,0.6875419616699219,0.8291814923286438,2.558629274368286,209.71871948242188
PatchTST,0.95,0.2,96,0.7721912264823914,0.9341856837272644,0.966532826423645,2.5729901790618896,174.71022033691406
PatchTST,0.95,0.2,192,0.8695113062858582,1.1775165796279907,1.0851343870162964,2.9543092250823975,388.9276428222656
PatchTST,0.95,0.4,96,0.6140556335449219,0.5934037566184998,0.7703270316123962,6.2062458992004395,15852.896484375
PatchTST,0.95,0.4,192,0.6673303246498108,0.7068681716918945,0.840754508972168,5.547255516052246,12451.34375
PatchTST,0.95,0.8,96,0.6968168020248413,0.7636737823486328,0.8738843202590942,4.045010089874268,4680.14697265625
PatchTST,0.95,0.8,192,0.7789331078529358,0.9678049087524414,0.9837707877159119,5.449573040008545,17122.92578125
iTransformer,0.5,0.0,96,0.8110122680664062,1.0439162254333496,1.0217221975326538,1.7550880908966064,183.2188720703125
iTransformer,0.5,0.0,192,0.8103554844856262,1.0444538593292236,1.0219852924346924,1.71268892288208,147.2669677734375
iTransformer,0.5,0.2,96,0.7916125655174255,0.9804884195327759,0.990196168422699,2.0319135189056396,1679.085693359375
iTransformer,0.5,0.2,192,0.7935020923614502,0.9811952710151672,0.9905530214309692,1.823361873626709,1006.00927734375
iTransformer,0.5,0.4,96,0.7855897545814514,0.9676398038864136,0.9836868643760681,1.304168462753296,30.69654083251953
iTransformer,0.5,0.4,192,0.782738983631134,0.9621121883392334,0.980873167514801,1.346271276473999,62.621849060058594
iTransformer,0.5,0.8,96,0.8122426867485046,1.0397933721542358,1.0197025537490845,1.5118536949157715,37.23478698730469
iTransformer,0.5,0.8,192,0.812889575958252,1.042588233947754,1.0210721492767334,1.5918381214141846,61.285884857177734
iTransformer,0.95,0.0,96,0.6566144824028015,0.6779685616493225,0.8233884572982788,2.5548174381256104,134.75570678710938
iTransformer,0.95,0.0,192,0.6603296995162964,0.6803355813026428,0.8248245716094971,2.4806313514709473,182.88699340820312
iTransformer,0.95,0.2,96,0.7652303576469421,0.9134563207626343,0.9557490944862366,3.235304594039917,760.70068359375
iTransformer,0.95,0.2,192,0.8524835705757141,1.1269813776016235,1.061593770980835,3.2675583362579346,659.6786499023438
iTransformer,0.95,0.4,96,0.645788311958313,0.6616145372390747,0.8133969306945801,7.127623081207275,23102.84375
iTransformer,0.95,0.4,192,0.6978182196617126,0.7791463732719421,0.8826926946640015,5.729218482971191,13588.705078125
iTransformer,0.95,0.8,96,0.7046065926551819,0.7789291739463806,0.8825696706771851,3.362072706222534,1432.5341796875
iTransformer,0.95,0.8,192,0.8078833222389221,1.0336333513259888,1.0166776180267334,4.506054401397705,8022.24365234375
